{
  "schema": "http://example.org/specification/v2.0.0",
  "metadata": {
  },
  "global": {
    "yarn.log.include.patterns": "",
    "yarn.log.exclude.patterns": "",
    "yarn.component.instances": "1"
  },
  "components": {
    "ACCUMULO_MASTER": {
      "yarn.role.priority": "1",
      "yarn.component.instances": "1",
      "yarn.memory": "256"
    },
    "slider-appmaster": {
    },
    "ACCUMULO_TSERVER": {
      "yarn.role.priority": "2",
      "yarn.component.instances": "1",
      "yarn.memory": "512"
    },
    "ACCUMULO_MONITOR": {
      "yarn.role.priority": "3",
      "yarn.component.instances": "1",
      "yarn.memory": "128"
    },
    "ACCUMULO_GC": {
      "yarn.role.priority": "4",
      "yarn.component.instances": "1",
      "yarn.memory": "128"
    },
    "ACCUMULO_TRACER": {
      "yarn.role.priority": "5",
      "yarn.component.instances": "1",
      "yarn.memory": "256"
    },
    "ACCUMULO_PROXY": {
      "yarn.role.priority": "6",
      "yarn.component.instances": "1",
      "yarn.memory": "128"
    }
  }
}
